MMM,MMM.N
AOS,AOS.N
ABT,ABT.N
ABBV,ABBV.N
ACN,ACN.N
ADBE,ADBE.N
AMD,AMD.N
AES,AES.N
AFL,AFL.N
A,A.N
APD,APD.N
ABNB,ABNB.N
AKAM,AKAM.N
ALB,ALB.N
ARE,ARE.N
ALGN,ALGN.N
ALLE,ALLE.N
LNT,LNT.N
ALL,ALL.N
GOOGL,GOOGL.N
GOOG,GOOG.N
MO,MO.N
AMZN,AMZN.N
AMCR,AMCR.N
AEE,AEE.N
AEP,AEP.N
AXP,AXP.N
AIG,AIG.N
AMT,AMT.N
AWK,AWK.N
AMP,AMP.N
AME,AME.N
AMGN,AMGN.N
APH,APH.N
ADI,ADI.N
ANSS,ANSS.N
AON,AON.N
APA,APA.N
APO,APO.N
AAPL,AAPL.N
AMAT,AMAT.N
APTV,APTV.N
ACGL,ACGL.N
ADM,ADM.N
ANET,ANET.N
AJG,AJG.N
AIZ,AIZ.N
T,T.N
ATO,ATO.N
ADSK,ADSK.N
ADP,ADP.N
AZO,AZO.N
AVB,AVB.N
AVY,AVY.N
AXON,AXON.N
BKR,BKR.N
BALL,BALL.N
BAC,BAC.N
BAX,BAX.N
BDX,BDX.N
BRK.B,BRKb.N
BBY,BBY.N
TECH,TECH.N
BIIB,BIIB.N
BLK,BLK.N
BX,BX.N
BK,BK.N
BA,BA.N
BKNG,BKNG.N
BSX,BSX.N
BMY,BMY.N
AVGO,AVGO.N
BR,BR.N
BRO,BRO.N
BF.B,BFb.N
BLDR,BLDR.N
BG,BG.N
BXP,BXP.N
CHRW,CHRW.N
CDNS,CDNS.N
CZR,CZR.N
CPT,CPT.N
CPB,CPB.N
COF,COF.N
CAH,CAH.N
KMX,KMX.N
CCL,CCL.N
CARR,CARR.N
CAT,CAT.N
CBOE,CBOE.N
CBRE,CBRE.N
CDW,CDW.N
COR,COR.N
CNC,CNC.N
CNP,CNP.N
CF,CF.N
CRL,CRL.N
SCHW,SCHW.N
CHTR,CHTR.N
CVX,CVX.N
CMG,CMG.N
CB,CB.N
CHD,CHD.N
CI,CI.N
CINF,CINF.N
CTAS,CTAS.N
CSCO,CSCO.N
C,C.N
CFG,CFG.N
CLX,CLX.N
CME,CME.N
CMS,CMS.N
KO,KO.N
CTSH,CTSH.N
CL,CL.N
CMCSA,CMCSA.N
CAG,CAG.N
COP,COP.N
ED,ED.N
STZ,STZ.N
CEG,CEG.N
COO,COO.N
CPRT,CPRT.N
GLW,GLW.N
CPAY,CPAY.N
CTVA,CTVA.N
CSGP,CSGP.N
COST,COST.N
CTRA,CTRA.N
CRWD,CRWD.N
CCI,CCI.N
CSX,CSX.N
CMI,CMI.N
CVS,CVS.N
DHR,DHR.N
DRI,DRI.N
DVA,DVA.N
DAY,DAY.N
DECK,DECK.N
DE,DE.N
DELL,DELL.N
DAL,DAL.N
DVN,DVN.N
DXCM,DXCM.N
FANG,FANG.N
DLR,DLR.N
DFS,DFS.N
DG,DG.N
DLTR,DLTR.N
D,D.N
DPZ,DPZ.O
DASH,DASH.N
DOV,DOV.N
DOW,DOW.N
DHI,DHI.N
DTE,DTE.N
DUK,DUK.N
DD,DD.N
EMN,EMN.N
ETN,ETN.N
EBAY,EBAY.N
ECL,ECL.N
EIX,EIX.N
EW,EW.N
EA,EA.N
ELV,ELV.N
EMR,EMR.N
ENPH,ENPH.N
ETR,ETR.N
EOG,EOG.N
EPAM,EPAM.N
EQT,EQT.N
EFX,EFX.N
EQIX,EQIX.N
EQR,EQR.N
ERIE,ERIE.N
ESS,ESS.N
EL,EL.N
EG,EG.N
EVRG,EVRG.N
ES,ES.N
EXC,EXC.N
EXE,EXE.N
EXPE,EXPE.N
EXPD,EXPD.N
EXR,EXR.N
XOM,XOM.N
FFIV,FFIV.N
FDS,FDS.N
FICO,FICO.N
FAST,FAST.N
FRT,FRT.N
FDX,FDX.N
FIS,FIS.N
FITB,FITB.N
FSLR,FSLR.N
FE,FE.N
FI,FI.N
F,F.N
FTNT,FTNT.N
FTV,FTV.N
FOXA,FOXA.N
FOX,FOX.N
BEN,BEN.N
FCX,FCX.N
GRMN,GRMN.N
IT,IT.N
GE,GE.N
GEHC,GEHC.N
GEV,GEV.N
GEN,GEN.N
GNRC,GNRC.N
GD,GD.N
GIS,GIS.N
GM,GM.N
GPC,GPC.N
GILD,GILD.N
GPN,GPN.N
GL,GL.N
GDDY,GDDY.N
GS,GS.N
HAL,HAL.N
HIG,HIG.N
HAS,HAS.N
HCA,HCA.N
DOC,DOC.N
HSIC,HSIC.N
HSY,HSY.N
HES,HES.N
HPE,HPE.N
HLT,HLT.N
HOLX,HOLX.N
HD,HD.N
HON,HON.N
HRL,HRL.N
HST,HST.N
HWM,HWM.N
HPQ,HPQ.N
HUBB,HUBB.N
HUM,HUM.N
HBAN,HBAN.N
HII,HII.N
IBM,IBM.N
IEX,IEX.N
IDXX,IDXX.N
ITW,ITW.N
INCY,INCY.N
IR,IR.N
PODD,PODD.N
INTC,INTC.N
ICE,ICE.N
IFF,IFF.N
IP,IP.N
IPG,IPG.N
INTU,INTU.N
ISRG,ISRG.N
IVZ,IVZ.N
INVH,INVH.N
IQV,IQV.N
IRM,IRM.N
JBHT,JBHT.N
JBL,JBL.N
JKHY,JKHY.N
J,J.N
JNJ,JNJ.N
JCI,JCI.N
JPM,JPM.N
JNPR,JNPR.N
K,K.N
KVUE,KVUE.N
KDP,KDP.N
KEY,KEY.N
KEYS,KEYS.N
KMB,KMB.N
KIM,KIM.N
KMI,KMI.N
KKR,KKR.N
KLAC,KLAC.N
KHC,KHC.N
KR,KR.N
LHX,LHX.N
LH,LH.N
LRCX,LRCX.N
LW,LW.N
LVS,LVS.N
LDOS,LDOS.N
LEN,LEN.N
LII,LII.N
LLY,LLY.N
LIN,LIN.N
LYV,LYV.N
LKQ,LKQ.N
LMT,LMT.N
L,L.N
LOW,LOW.N
LULU,LULU.N
LYB,LYB.N
MTB,MTB.N
MPC,MPC.N
MKTX,MKTX.N
MAR,MAR.N
MMC,MMC.N
MLM,MLM.N
MAS,MAS.N
MA,MA.N
MTCH,MTCH.N
MKC,MKC.N
MCD,MCD.N
MCK,MCK.N
MDT,MDT.N
MRK,MRK.N
META,META.N
MET,MET.N
MTD,MTD.N
MGM,MGM.N
MCHP,MCHP.N
MU,MU.N
MSFT,MSFT.N
MAA,MAA.N
MRNA,MRNA.N
MHK,MHK.N
MOH,MOH.N
TAP,TAP.N
MDLZ,MDLZ.N
MPWR,MPWR.N
MNST,MNST.N
MCO,MCO.N
MS,MS.N
MOS,MOS.N
MSI,MSI.N
MSCI,MSCI.N
NDAQ,NDAQ.N
NTAP,NTAP.N
NFLX,NFLX.N
NEM,NEM.N
NWSA,NWSA.N
NWS,NWS.N
NEE,NEE.N
NKE,NKE.N
NI,NI.N
NDSN,NDSN.N
NSC,NSC.N
NTRS,NTRS.N
NOC,NOC.N
NCLH,NCLH.N
NRG,NRG.N
NUE,NUE.N
NVDA,NVDA.N
NVR,NVR.N
NXPI,NXPI.N
ORLY,ORLY.N
OXY,OXY.N
ODFL,ODFL.N
OMC,OMC.N
ON,ON.N
OKE,OKE.N
ORCL,ORCL.N
OTIS,OTIS.N
PCAR,PCAR.N
PKG,PKG.N
PLTR,PLTR.N
PANW,PANW.N
PARA,PARA.N
PH,PH.N
PAYX,PAYX.N
PAYC,PAYC.N
PYPL,PYPL.N
PNR,PNR.N
PEP,PEP.N
PFE,PFE.N
PCG,PCG.N
PM,PM.N
PSX,PSX.N
PNW,PNW.N
PNC,PNC.N
POOL,POOL.N
PPG,PPG.N
PPL,PPL.N
PFG,PFG.N
PG,PG.N
PGR,PGR.N
PLD,PLD.N
PRU,PRU.N
PEG,PEG.N
PTC,PTC.N
PSA,PSA.N
PHM,PHM.N
PWR,PWR.N
QCOM,QCOM.N
DGX,DGX.N
RL,RL.N
RJF,RJF.N
RTX,RTX.N
O,O.N
REG,REG.N
REGN,REGN.N
RF,RF.N
RSG,RSG.N
RMD,RMD.N
RVTY,RVTY.N
ROK,ROK.N
ROL,ROL.N
ROP,ROP.N
ROST,ROST.N
RCL,RCL.N
SPGI,SPGI.N
CRM,CRM.N
SBAC,SBAC.N
SLB,SLB.N
STX,STX.N
SRE,SRE.N
NOW,NOW.N
SHW,SHW.N
SPG,SPG.N
SWKS,SWKS.N
SJM,SJM.N
SW,SW.N
SNA,SNA.N
SOLV,SOLV.N
SO,SO.N
LUV,LUV.N
SWK,SWK.N
SBUX,SBUX.N
STT,STT.N
STLD,STLD.N
STE,STE.N
SYK,SYK.N
SMCI,SMCI.N
SYF,SYF.N
SNPS,SNPS.N
SYY,SYY.N
TMUS,TMUS.N
TROW,TROW.N
TTWO,TTWO.N
TPR,TPR.N
TRGP,TRGP.N
TGT,TGT.N
TEL,TEL.N
TDY,TDY.N
TER,TER.N
TSLA,TSLA.N
TXN,TXN.N
TPL,TPL.N
TXT,TXT.N
TMO,TMO.N
TJX,TJX.N
TKO,TKO.N
TSCO,TSCO.N
TT,TT.N
TDG,TDG.N
TRV,TRV.N
TRMB,TRMB.N
TFC,TFC.N
TYL,TYL.N
TSN,TSN.N
USB,USB.N
UBER,UBER.N
UDR,UDR.N
ULTA,ULTA.N
UNP,UNP.N
UAL,UAL.N
UPS,UPS.N
URI,URI.N
UNH,UNH.N
UHS,UHS.N
VLO,VLO.N
VTR,VTR.N
VLTO,VLTO.N
VRSN,VRSN.N
VRSK,VRSK.N
VZ,VZ.N
VRTX,VRTX.N
VTRS,VTRS.N
VICI,VICI.N
V,V.N
VST,VST.N
VMC,VMC.N
WRB,WRB.N
GWW,GWW.N
WAB,WAB.N
WBA,WBA.N
WMT,WMT.N
DIS,DIS.N
WBD,WBD.N
WM,WM.N
WAT,WAT.N
WEC,WEC.N
WFC,WFC.N
WELL,WELL.N
WST,WST.N
WDC,WDC.N
WY,WY.N
WSM,WSM.N
WMB,WMB.N
WTW,WTW.N
WDAY,WDAY.N
WYNN,WYNN.N
XEL,XEL.N
XYL,XYL.N
YUM,YUM.N
ZBRA,ZBRA.N
ZBH,ZBH.N
ZTS,ZTS.N